id,first_name,last_name,email,phone
1,John,Doe,john.doe@email.com,123-456-7890
2,Jane,Smith,jane.smith@email.com,234-567-8901
3,Robert,Johnson,robert.johnson@email.com,345-678-9012
4,Emily,Williams,emily.williams@email.com,456-789-0123
5,Michael,Brown,michael.brown@email.com,567-890-1234
6,Amy,Miller,amy.miller@email.com,678-901-2345
7,David,Jones,david.jones@email.com,789-012-3456
8,Sarah,Anderson,sarah.anderson@email.com,890-123-4567
9,Christopher,Thomas,christopher.thomas@email.com,901-234-5678
10,Olivia,White,olivia.white@email.com,012-345-6789